{
  "adjustabodies_version": "0.1.0",
  "base_model": "/groups/johnson/johnsonlab/virtual_rodent/body_model/rodent_data_driven_limits.xml",
  "data_source": "green/captain",
  "n_frames": 500,
  "phase1_residual_mm": 3.9846384525299072,
  "phase2_residual_mm": 3.0020270347595215,
  "segment_scales": {
    "head": 0.9655338647885614,
    "neck": 0.9872083036762689,
    "spine": 1.1737950690998815,
    "pelvis": 0.998189986526782,
    "tail": 1.0212850066905332,
    "scapula": 0.9911309031576394,
    "upper_arm": 0.6602492179391533,
    "lower_arm": 0.9152248720773173,
    "hand": 0.9705545621565719,
    "upper_leg": 1.160590439079769,
    "lower_leg": 0.7922382021003571,
    "foot": 0.9547661344432612
  }
}